stock_code,code,name,market,sector,industry
1101.TW,1101,台泥,上市,Basic Materials,Others
1102.TW,1102,亞泥,上市,Basic Materials,Others
1103.TW,1103,嘉泥,上市,Basic Materials,Others
1104.TW,1104,環泥,上市,Basic Materials,Others
1108.TW,1108,幸福,上市,Basic Materials,Others
1109.TW,1109,信大,上市,Basic Materials,Others
1110.TW,1110,東泥,上市,Basic Materials,Others
1201.TW,1201,味全,上市,Consumer Goods,Others
1203.TW,1203,味王,上市,Consumer Goods,Others
1210.TW,1210,大成,上市,Consumer Goods,Others
1213.TW,1213,大飲,上市,Consumer Goods,Others
1215.TW,1215,卜蜂,上市,Consumer Goods,Others
1216.TW,1216,統一,上市,Consumer Goods,Others
1217.TW,1217,愛之味,上市,Consumer Goods,Others
1218.TW,1218,泰山,上市,Consumer Goods,Others
1219.TW,1219,福壽,上市,Consumer Goods,Others
1220.TW,1220,台榮,上市,Consumer Goods,Others
1225.TW,1225,福懋油,上市,Consumer Goods,Others
1229.TW,1229,聯華,上市,Consumer Goods,Others
1231.TW,1231,聯華食,上市,Consumer Goods,Others
1232.TW,1232,大統益,上市,Consumer Goods,Others
1233.TW,1233,天仁,上市,Consumer Goods,Others
1234.TW,1234,黑松,上市,Consumer Goods,Others
1235.TW,1235,興泰,上市,Consumer Goods,Others
1236.TW,1236,宏亞,上市,Consumer Goods,Others
1262.TW,1262,綠悠遊,上市,Consumer Goods,Others
1264.TW,1264,德麥,上市,Consumer Goods,Others
1301.TW,1301,台塑,上市,Basic Materials,Others
1303.TW,1303,南亞,上市,Basic Materials,Others
1304.TW,1304,台聚,上市,Basic Materials,Others
1305.TW,1305,華夏,上市,Basic Materials,Others
1307.TW,1307,三芳,上市,Basic Materials,Others
1308.TW,1308,亞聚,上市,Basic Materials,Others
1309.TW,1309,台達化,上市,Basic Materials,Others
1310.TW,1310,台苯,上市,Basic Materials,Others
1312.TW,1312,國喬,上市,Basic Materials,Others
1313.TW,1313,聯成,上市,Basic Materials,Others
1314.TW,1314,中石化,上市,Basic Materials,Others
1315.TW,1315,達新,上市,Basic Materials,Others
1316.TW,1316,上曜,上市,Basic Materials,Others
1319.TW,1319,東陽,上市,Basic Materials,Others
1321.TW,1321,大洋,上市,Basic Materials,Others
1323.TW,1323,永裕,上市,Basic Materials,Others
1324.TW,1324,地球,上市,Basic Materials,Others
1325.TW,1325,恆大,上市,Basic Materials,Others
1326.TW,1326,台化,上市,Basic Materials,Others
1337.TW,1337,再生,上市,Basic Materials,Others
1338.TW,1338,廣華,上市,Basic Materials,Others
1339.TW,1339,昭輝,上市,Basic Materials,Others
1340.TW,1340,勝悅,上市,Basic Materials,Others
1341.TW,1341,富林,上市,Basic Materials,Others
1434.TW,1434,福懋,上市,Consumer Goods,Others
1436.TW,1436,華友聯,上市,Consumer Goods,Others
1437.TW,1437,勤益控,上市,Consumer Goods,Others
1438.TW,1438,裕豐,上市,Consumer Goods,Others
1439.TW,1439,中和,上市,Consumer Goods,Others
1440.TW,1440,南紡,上市,Consumer Goods,Others
1441.TW,1441,大東,上市,Consumer Goods,Others
1442.TW,1442,名軒,上市,Consumer Goods,Others
1443.TW,1443,立益,上市,Consumer Goods,Others
1444.TW,1444,力麗,上市,Consumer Goods,Others
1445.TW,1445,大宇,上市,Consumer Goods,Others
1446.TW,1446,宏和,上市,Consumer Goods,Others
1447.TW,1447,力鵬,上市,Consumer Goods,Others
1449.TW,1449,佳和,上市,Consumer Goods,Others
1451.TW,1451,年興,上市,Consumer Goods,Others
1452.TW,1452,宏益,上市,Consumer Goods,Others
1453.TW,1453,大將,上市,Consumer Goods,Others
1454.TW,1454,台富,上市,Consumer Goods,Others
1455.TW,1455,集盛,上市,Consumer Goods,Others
1456.TW,1456,怡華,上市,Consumer Goods,Others
1457.TW,1457,宜進,上市,Consumer Goods,Others
1459.TW,1459,聯發,上市,Consumer Goods,Others
1460.TW,1460,宏遠,上市,Consumer Goods,Others
1463.TW,1463,強盛,上市,Consumer Goods,Others
1464.TW,1464,得力,上市,Consumer Goods,Others
1465.TW,1465,偉全,上市,Consumer Goods,Others
1466.TW,1466,聚隆,上市,Consumer Goods,Others
1467.TW,1467,南緯,上市,Consumer Goods,Others
1468.TW,1468,昶和,上市,Consumer Goods,Others
1469.TW,1469,聯聚,上市,Consumer Goods,Others
1470.TW,1470,大統新創,上市,Consumer Goods,Others
1471.TW,1471,首利,上市,Consumer Goods,Others
1472.TW,1472,三洋紡,上市,Consumer Goods,Others
1473.TW,1473,台南,上市,Consumer Goods,Others
1474.TW,1474,弘裕,上市,Consumer Goods,Others
1475.TW,1475,本盟,上市,Consumer Goods,Others
1476.TW,1476,儒鴻,上市,Consumer Goods,Others
1477.TW,1477,聚陽,上市,Consumer Goods,Others
1503.TW,1503,士電,上市,Industrials,Others
1504.TW,1504,東元,上市,Industrials,Others
1506.TW,1506,正道,上市,Industrials,Others
1507.TW,1507,永大,上市,Industrials,Others
1512.TW,1512,瑞利,上市,Industrials,Others
1513.TW,1513,中興電,上市,Industrials,Others
1514.TW,1514,亞力,上市,Industrials,Others
1515.TW,1515,力山,上市,Industrials,Others
1516.TW,1516,川飛,上市,Industrials,Others
1517.TW,1517,利奇,上市,Industrials,Others
1519.TW,1519,華城,上市,Industrials,Others
1521.TW,1521,大億,上市,Industrials,Others
1522.TW,1522,堤維西,上市,Industrials,Others
1524.TW,1524,耿鼎,上市,Industrials,Others
1525.TW,1525,江申,上市,Industrials,Others
1526.TW,1526,日馳,上市,Industrials,Others
1527.TW,1527,鑽全,上市,Industrials,Others
1528.TW,1528,恩德,上市,Industrials,Others
1529.TW,1529,樂士,上市,Industrials,Others
1530.TW,1530,亞崴,上市,Industrials,Others
1531.TW,1531,高林股,上市,Industrials,Others
1532.TW,1532,勤美,上市,Industrials,Others
1533.TW,1533,車王電,上市,Industrials,Others
1535.TW,1535,中宇,上市,Industrials,Others
1536.TW,1536,和大,上市,Industrials,Others
1537.TW,1537,廣隆,上市,Industrials,Others
1538.TW,1538,正峰新,上市,Industrials,Others
1539.TW,1539,巨庭,上市,Industrials,Others
1540.TW,1540,喬友,上市,Industrials,Others
1541.TW,1541,錩泰,上市,Industrials,Others
1558.TW,1558,伸興,上市,Industrials,Others
1560.TW,1560,中砂,上市,Industrials,Others
1568.TW,1568,倉佑,上市,Industrials,Others
1582.TW,1582,信錦,上市,Industrials,Others
1583.TW,1583,程泰,上市,Industrials,Others
1587.TW,1587,吉茂,上市,Industrials,Others
1589.TW,1589,永冠,上市,Industrials,Others
1590.TW,1590,亞德客,上市,Industrials,Others
1592.TW,1592,英瑞,上市,Industrials,Others
1593.TW,1593,祺驊,上市,Industrials,Others
1598.TW,1598,岱宇,上市,Industrials,Others
1603.TW,1603,華電,上市,Technology Hardware,Others
1604.TW,1604,聲寶,上市,Technology Hardware,Others
1605.TW,1605,華新,上市,Technology Hardware,Others
1608.TW,1608,華榮,上市,Technology Hardware,Others
1609.TW,1609,大亞,上市,Technology Hardware,Others
1611.TW,1611,中電,上市,Technology Hardware,Others
1612.TW,1612,宏泰,上市,Technology Hardware,Others
1614.TW,1614,三洋電,上市,Technology Hardware,Others
1615.TW,1615,大山,上市,Technology Hardware,Others
1616.TW,1616,億泰,上市,Technology Hardware,Others
1617.TW,1617,榮星,上市,Technology Hardware,Others
1701.TW,1701,中化,上市,Healthcare,Others
1702.TW,1702,南僑,上市,Healthcare,Others
1707.TW,1707,葡萄王,上市,Healthcare,Others
1708.TW,1708,東鹼,上市,Healthcare,Others
1709.TW,1709,和益,上市,Healthcare,Others
1710.TW,1710,東聯,上市,Healthcare,Others
1711.TW,1711,永光,上市,Healthcare,Others
1712.TW,1712,興農,上市,Healthcare,Others
1713.TW,1713,國化,上市,Healthcare,Others
1714.TW,1714,和桐,上市,Healthcare,Others
1717.TW,1717,長興,上市,Healthcare,Others
1718.TW,1718,中纖,上市,Healthcare,Others
1720.TW,1720,生達,上市,Healthcare,Others
1721.TW,1721,三晃,上市,Healthcare,Others
1722.TW,1722,台肥,上市,Healthcare,Others
1723.TW,1723,中碳,上市,Healthcare,Others
1724.TW,1724,台硝,上市,Healthcare,Others
1725.TW,1725,元禎,上市,Healthcare,Others
1726.TW,1726,永記,上市,Healthcare,Others
1727.TW,1727,中華化,上市,Healthcare,Others
1730.TW,1730,花仙子,上市,Healthcare,Others
1731.TW,1731,美吾華,上市,Healthcare,Others
1732.TW,1732,毛寶,上市,Healthcare,Others
1733.TW,1733,五鼎,上市,Healthcare,Others
1734.TW,1734,杏輝,上市,Healthcare,Others
1735.TW,1735,日勝化,上市,Healthcare,Others
1736.TW,1736,喬山,上市,Healthcare,Others
1737.TW,1737,臺鹽,上市,Healthcare,Others
1760.TW,1760,寶齡富錦,上市,Healthcare,Others
1762.TW,1762,中化生,上市,Healthcare,Others
1773.TW,1773,勝一,上市,Healthcare,Others
1776.TW,1776,展宇,上市,Healthcare,Others
1777.TW,1777,生泰,上市,Healthcare,Others
1783.TW,1783,和康生,上市,Healthcare,Others
1786.TW,1786,科妍,上市,Healthcare,Others
1789.TW,1789,神隆,上市,Healthcare,Others
1795.TW,1795,美時,上市,Healthcare,Others
2002.TW,2002,中鋼,上市,Basic Materials,Others
2006.TW,2006,東和鋼鐵,上市,Basic Materials,Others
2007.TW,2007,燁興,上市,Basic Materials,Others
2008.TW,2008,高興昌,上市,Basic Materials,Others
2009.TW,2009,第一銅,上市,Basic Materials,Others
2010.TW,2010,春源,上市,Basic Materials,Others
2012.TW,2012,春雨,上市,Basic Materials,Others
2013.TW,2013,中鋼構,上市,Basic Materials,Others
2014.TW,2014,中鴻,上市,Basic Materials,Others
2015.TW,2015,豐興,上市,Basic Materials,Others
2017.TW,2017,官田鋼,上市,Basic Materials,Others
2020.TW,2020,美亞,上市,Basic Materials,Others
2022.TW,2022,聚亨,上市,Basic Materials,Others
2023.TW,2023,燁輝,上市,Basic Materials,Others
2024.TW,2024,志聯,上市,Basic Materials,Others
2025.TW,2025,千興,上市,Basic Materials,Others
2027.TW,2027,大成鋼,上市,Basic Materials,Others
2028.TW,2028,威致,上市,Basic Materials,Others
2029.TW,2029,盛餘,上市,Basic Materials,Others
2030.TW,2030,彰源,上市,Basic Materials,Others
2031.TW,2031,新光鋼,上市,Basic Materials,Others
2032.TW,2032,新鋼,上市,Basic Materials,Others
2033.TW,2033,佳大,上市,Basic Materials,Others
2034.TW,2034,允強,上市,Basic Materials,Others
2038.TW,2038,海光,上市,Basic Materials,Others
2049.TW,2049,上銀,上市,Basic Materials,Others
2059.TW,2059,川湖,上市,Basic Materials,Others
2069.TW,2069,運錩,上市,Basic Materials,Others
2101.TW,2101,南港,上市,Basic Materials,Others
2102.TW,2102,泰豐,上市,Basic Materials,Others
2103.TW,2103,台橡,上市,Basic Materials,Others
2104.TW,2104,中橡,上市,Basic Materials,Others
2105.TW,2105,正新,上市,Basic Materials,Others
2106.TW,2106,建大,上市,Basic Materials,Others
2107.TW,2107,厚生,上市,Basic Materials,Others
2108.TW,2108,南帝,上市,Basic Materials,Others
2109.TW,2109,華豐,上市,Basic Materials,Others
2114.TW,2114,鑫永銓,上市,Basic Materials,Others
2115.TW,2115,六暉,上市,Basic Materials,Others
2201.TW,2201,裕隆,上市,Industrials,Others
2204.TW,2204,中華,上市,Industrials,Others
2206.TW,2206,三陽工業,上市,Industrials,Others
2207.TW,2207,和泰車,上市,Industrials,Others
2208.TW,2208,台船,上市,Industrials,Others
2227.TW,2227,裕日車,上市,Industrials,Others
2228.TW,2228,劍麟,上市,Industrials,Others
2231.TW,2231,為升,上市,Industrials,Others
2236.TW,2236,百達,上市,Industrials,Others
2301.TW,2301,光寶科,上市,Technology,Electronics
2302.TW,2302,麗正,上市,Technology,Electronics
2303.TW,2303,聯電,上市,Technology,Semiconductors
2308.TW,2308,台達電,上市,Technology,Electronics
2312.TW,2312,金寶,上市,Technology,Electronics
2313.TW,2313,華通,上市,Technology,Electronics
2314.TW,2314,台揚,上市,Technology,Electronics
2315.TW,2315,神達,上市,Technology,Electronics
2316.TW,2316,楠梓電,上市,Technology,Electronics
2317.TW,2317,鴻海,上市,Technology,Computer Hardware
2321.TW,2321,東訊,上市,Technology,Electronics
2323.TW,2323,中環,上市,Technology,Electronics
2324.TW,2324,仁寶,上市,Technology,Computer Hardware
2325.TW,2325,矽品,上市,Technology,Electronics
2327.TW,2327,國巨,上市,Technology,Electronics
2328.TW,2328,廣宇,上市,Technology,Electronics
2329.TW,2329,華名,上市,Technology,Electronics
2330.TW,2330,台積電,上市,Technology,Semiconductors
2331.TW,2331,精英,上市,Technology,Electronics
2332.TW,2332,友訊,上市,Technology,Electronics
2337.TW,2337,旺宏,上市,Technology,Electronics
2338.TW,2338,光罩,上市,Technology,Electronics
2340.TW,2340,光磊,上市,Technology,Electronics
2342.TW,2342,茂矽,上市,Technology,Electronics
2344.TW,2344,華邦電,上市,Technology,Electronics
2345.TW,2345,智邦,上市,Technology,Electronics
2347.TW,2347,聯強,上市,Technology,Electronics
2348.TW,2348,海悅,上市,Technology,Electronics
2349.TW,2349,錸德,上市,Technology,Electronics
2351.TW,2351,順德,上市,Technology,Electronics
2352.TW,2352,佳世達,上市,Technology,Electronics
2353.TW,2353,宏碁,上市,Technology,Electronics
2354.TW,2354,鴻準,上市,Technology,Electronics
2355.TW,2355,敬鵬,上市,Technology,Electronics
2356.TW,2356,英業達,上市,Technology,Electronics
2357.TW,2357,華碩,上市,Technology,Computer Hardware
2358.TW,2358,廷鑫,上市,Technology,Electronics
2359.TW,2359,所羅門,上市,Technology,Electronics
2360.TW,2360,致茂,上市,Technology,Electronics
2362.TW,2362,藍天,上市,Technology,Electronics
2363.TW,2363,矽統,上市,Technology,Electronics
2364.TW,2364,倫飛,上市,Technology,Electronics
2365.TW,2365,昆盈,上市,Technology,Electronics
2367.TW,2367,燿華,上市,Technology,Electronics
2368.TW,2368,金像電,上市,Technology,Electronics
2369.TW,2369,菱生,上市,Technology,Electronics
2371.TW,2371,大同,上市,Technology,Electronics
2373.TW,2373,震旦行,上市,Technology,Electronics
2374.TW,2374,佳能,上市,Technology,Electronics
2375.TW,2375,智寶,上市,Technology,Electronics
2376.TW,2376,技嘉,上市,Technology,Electronics
2377.TW,2377,微星,上市,Technology,Electronics
2379.TW,2379,瑞昱,上市,Technology,Electronics
2380.TW,2380,虹光,上市,Technology,Electronics
2382.TW,2382,廣達,上市,Technology,Computer Hardware
2383.TW,2383,台光電,上市,Technology,Electronics
2384.TW,2384,勝華,上市,Technology,Electronics
2385.TW,2385,群光,上市,Technology,Electronics
2387.TW,2387,精元,上市,Technology,Electronics
2388.TW,2388,威盛,上市,Technology,Electronics
2390.TW,2390,云辰,上市,Technology,Electronics
2392.TW,2392,正崴,上市,Technology,Electronics
2393.TW,2393,億光,上市,Technology,Electronics
2395.TW,2395,研華,上市,Technology,Electronics
2397.TW,2397,友通,上市,Technology,Electronics
2399.TW,2399,映泰,上市,Technology,Electronics
2401.TW,2401,凌陽,上市,Others,Others
2402.TW,2402,毅嘉,上市,Others,Others
2404.TW,2404,漢唐,上市,Others,Others
2405.TW,2405,浩鑫,上市,Others,Others
2406.TW,2406,國碩,上市,Others,Others
2408.TW,2408,南亞科,上市,Others,Others
2409.TW,2409,友達,上市,Others,Others
2412.TW,2412,中華電,上市,Others,Others
2413.TW,2413,環科,上市,Others,Others
2414.TW,2414,精技,上市,Others,Others
2415.TW,2415,錩新,上市,Others,Others
2417.TW,2417,圓剛,上市,Others,Others
2419.TW,2419,仲琦,上市,Others,Others
2420.TW,2420,新巨,上市,Others,Others
2421.TW,2421,建準,上市,Others,Others
2423.TW,2423,固緯,上市,Others,Others
2424.TW,2424,隴華,上市,Others,Others
2425.TW,2425,承啟,上市,Others,Others
2426.TW,2426,鼎元,上市,Others,Others
2427.TW,2427,三商電,上市,Others,Others
2428.TW,2428,興勤,上市,Others,Others
2429.TW,2429,銘旺科,上市,Others,Others
2430.TW,2430,燦坤,上市,Others,Others
2431.TW,2431,聯昌,上市,Others,Others
2433.TW,2433,互盛電,上市,Others,Others
2434.TW,2434,統懋,上市,Others,Others
2436.TW,2436,偉詮電,上市,Others,Others
2438.TW,2438,翔耀,上市,Others,Others
2439.TW,2439,美律,上市,Others,Others
2441.TW,2441,超豐,上市,Others,Others
2442.TW,2442,新美齊,上市,Others,Others
2443.TW,2443,億麗,上市,Others,Others
2444.TW,2444,兆赫,上市,Others,Others
2449.TW,2449,京元電子,上市,Others,Others
2451.TW,2451,創見,上市,Others,Others
2453.TW,2453,凌群,上市,Others,Others
2454.TW,2454,聯發科,上市,Others,Others
2455.TW,2455,全新,上市,Others,Others
2456.TW,2456,奇力新,上市,Others,Others
2458.TW,2458,義隆,上市,Others,Others
2459.TW,2459,敦吉,上市,Others,Others
2460.TW,2460,建通,上市,Others,Others
2461.TW,2461,光群雷,上市,Others,Others
2462.TW,2462,良得電,上市,Others,Others
2464.TW,2464,盟立,上市,Others,Others
2465.TW,2465,麗臺,上市,Others,Others
2466.TW,2466,冠西電,上市,Others,Others
2467.TW,2467,志聖,上市,Others,Others
2468.TW,2468,華經,上市,Others,Others
2471.TW,2471,資通,上市,Others,Others
2472.TW,2472,立隆電,上市,Others,Others
2474.TW,2474,可成,上市,Others,Others
2476.TW,2476,鉅祥,上市,Others,Others
2477.TW,2477,美隆電,上市,Others,Others
2478.TW,2478,大毅,上市,Others,Others
2480.TW,2480,敦陽科,上市,Others,Others
2481.TW,2481,強茂,上市,Others,Others
2482.TW,2482,連宇,上市,Others,Others
2483.TW,2483,百容,上市,Others,Others
2484.TW,2484,希華,上市,Others,Others
2485.TW,2485,兆赫,上市,Others,Others
2486.TW,2486,一詮,上市,Others,Others
2488.TW,2488,漢平,上市,Others,Others
2489.TW,2489,瑞軒,上市,Others,Others
2491.TW,2491,吉祥全,上市,Others,Others
2492.TW,2492,華新科,上市,Others,Others
2493.TW,2493,揚博,上市,Others,Others
2495.TW,2495,普安,上市,Others,Others
2496.TW,2496,卓越,上市,Others,Others
2497.TW,2497,怡利電,上市,Others,Others
2498.TW,2498,宏達電,上市,Others,Others
2499.TW,2499,東貝,上市,Others,Others
2501.TW,2501,國建,上市,Real Estate,Others
2504.TW,2504,國產,上市,Real Estate,Others
2505.TW,2505,國揚,上市,Real Estate,Others
2506.TW,2506,太設,上市,Real Estate,Others
2508.TW,2508,大亞,上市,Real Estate,Others
2509.TW,2509,全坤建,上市,Real Estate,Others
2511.TW,2511,太子,上市,Real Estate,Others
2514.TW,2514,龍邦,上市,Real Estate,Others
2515.TW,2515,中工,上市,Real Estate,Others
2516.TW,2516,新建,上市,Real Estate,Others
2520.TW,2520,冠德,上市,Real Estate,Others
2524.TW,2524,京城,上市,Real Estate,Others
2527.TW,2527,宏璟,上市,Real Estate,Others
2528.TW,2528,皇普,上市,Real Estate,Others
2530.TW,2530,華建,上市,Real Estate,Others
2534.TW,2534,宏盛,上市,Real Estate,Others
2535.TW,2535,達欣工,上市,Real Estate,Others
2536.TW,2536,宏普,上市,Real Estate,Others
2537.TW,2537,聯上發,上市,Real Estate,Others
2538.TW,2538,基泰,上市,Real Estate,Others
2539.TW,2539,櫻花建,上市,Real Estate,Others
2540.TW,2540,愛山林,上市,Real Estate,Others
2542.TW,2542,興富發,上市,Real Estate,Others
2543.TW,2543,皇昌,上市,Real Estate,Others
2544.TW,2544,杏昌,上市,Real Estate,Others
2545.TW,2545,皇翔,上市,Real Estate,Others
2546.TW,2546,根基,上市,Real Estate,Others
2547.TW,2547,日勝生,上市,Real Estate,Others
2548.TW,2548,華固,上市,Real Estate,Others
2597.TW,2597,潤弘,上市,Real Estate,Others
2601.TW,2601,益航,上市,Transportation,Others
2603.TW,2603,長榮,上市,Transportation,Others
2605.TW,2605,新興,上市,Transportation,Others
2606.TW,2606,裕民,上市,Transportation,Others
2607.TW,2607,榮運,上市,Transportation,Others
2608.TW,2608,嘉里大榮,上市,Transportation,Others
2609.TW,2609,陽明,上市,Transportation,Others
2610.TW,2610,華航,上市,Transportation,Others
2611.TW,2611,志信,上市,Transportation,Others
2612.TW,2612,中航,上市,Transportation,Others
2613.TW,2613,中櫃,上市,Transportation,Others
2614.TW,2614,東森,上市,Transportation,Others
2615.TW,2615,萬海,上市,Transportation,Others
2616.TW,2616,山隆,上市,Transportation,Others
2617.TW,2617,台航,上市,Transportation,Others
2618.TW,2618,長榮航,上市,Transportation,Others
2630.TW,2630,台泥國際,上市,Transportation,Others
2633.TW,2633,台灣高鐵,上市,Transportation,Others
2634.TW,2634,漢翔,上市,Transportation,Others
2636.TW,2636,台驊,上市,Transportation,Others
2637.TW,2637,慧洋-KY,上市,Transportation,Others
2642.TW,2642,宅配通,上市,Transportation,Others
2701.TW,2701,萬企,上市,Consumer Services,Others
2702.TW,2702,華園,上市,Consumer Services,Others
2704.TW,2704,國賓,上市,Consumer Services,Others
2705.TW,2705,六福,上市,Consumer Services,Others
2706.TW,2706,第一店,上市,Consumer Services,Others
2707.TW,2707,晶華,上市,Consumer Services,Others
2712.TW,2712,遠雄來,上市,Consumer Services,Others
2727.TW,2727,王品,上市,Consumer Services,Others
2801.TW,2801,彰銀,上市,Financial Services,Banking
2809.TW,2809,京城銀,上市,Financial Services,Banking
2812.TW,2812,台中銀,上市,Financial Services,Banking
2816.TW,2816,旺旺保,上市,Financial Services,Financial Services
2820.TW,2820,華票,上市,Financial Services,Financial Services
2823.TW,2823,中壽,上市,Financial Services,Financial Services
2832.TW,2832,台產,上市,Financial Services,Financial Services
2834.TW,2834,臺企銀,上市,Financial Services,Banking
2836.TW,2836,高雄銀,上市,Financial Services,Banking
2838.TW,2838,聯邦銀,上市,Financial Services,Banking
2845.TW,2845,遠東銀,上市,Financial Services,Banking
2849.TW,2849,安泰銀,上市,Financial Services,Banking
2850.TW,2850,新產,上市,Financial Services,Financial Services
2851.TW,2851,中再保,上市,Financial Services,Financial Services
2852.TW,2852,第一保,上市,Financial Services,Financial Services
2855.TW,2855,統一證,上市,Financial Services,Securities
2856.TW,2856,元富證,上市,Financial Services,Securities
2867.TW,2867,三商壽,上市,Financial Services,Financial Services
2880.TW,2880,華南金,上市,Financial Services,Financial Holding
2881.TW,2881,富邦金,上市,Financial Services,Financial Holding
2882.TW,2882,國泰金,上市,Financial Services,Financial Holding
2883.TW,2883,開發金,上市,Financial Services,Financial Holding
2884.TW,2884,玉山金,上市,Financial Services,Financial Holding
2885.TW,2885,元大金,上市,Financial Services,Financial Holding
2886.TW,2886,兆豐金,上市,Financial Services,Financial Holding
2887.TW,2887,台新金,上市,Financial Services,Financial Holding
2888.TW,2888,新光金,上市,Financial Services,Financial Holding
2889.TW,2889,國票金,上市,Financial Services,Financial Holding
2890.TW,2890,永豐金,上市,Financial Services,Financial Holding
2891.TW,2891,中信金,上市,Financial Services,Financial Holding
2892.TW,2892,第一金,上市,Financial Services,Financial Holding
2901.TW,2901,欣欣,上市,Consumer Services,Others
2903.TW,2903,遠百,上市,Consumer Services,Others
2904.TW,2904,匯僑,上市,Consumer Services,Others
2905.TW,2905,三商,上市,Consumer Services,Others
2906.TW,2906,高林,上市,Consumer Services,Others
2908.TW,2908,特力,上市,Consumer Services,Others
2910.TW,2910,統領,上市,Consumer Services,Others
2911.TW,2911,麗嬰房,上市,Consumer Services,Others
2912.TW,2912,統一超,上市,Consumer Services,Others
2913.TW,2913,農林,上市,Consumer Services,Others
2915.TW,2915,潤泰全,上市,Consumer Services,Others
2923.TW,2923,鼎固-KY,上市,Consumer Services,Others
2924.TW,2924,東凌-KY,上市,Consumer Services,Others
2928.TW,2928,紅馬-KY,上市,Consumer Services,Others
2929.TW,2929,淘帝-KY,上市,Consumer Services,Others
2936.TW,2936,客思達-KY,上市,Consumer Services,Others
2939.TW,2939,凱羿-KY,上市,Consumer Services,Others
3002.TW,3002,歐格,上市,Technology,Electronics
3003.TW,3003,健和興,上市,Technology,Electronics
3004.TW,3004,豐達科,上市,Technology,Electronics
3005.TW,3005,神基,上市,Technology,Electronics
3006.TW,3006,晶豪科,上市,Technology,Electronics
3008.TW,3008,大立光,上市,Technology,Electronics
3009.TW,3009,奇邑,上市,Technology,Electronics
3010.TW,3010,華立,上市,Technology,Electronics
3011.TW,3011,今皓,上市,Technology,Electronics
3013.TW,3013,晟銘電,上市,Technology,Electronics
3014.TW,3014,聯陽,上市,Technology,Electronics
3015.TW,3015,全漢,上市,Technology,Electronics
3016.TW,3016,嘉晶,上市,Technology,Electronics
3017.TW,3017,奇鋐,上市,Technology,Electronics
3018.TW,3018,同開,上市,Technology,Electronics
3019.TW,3019,亞光,上市,Technology,Electronics
3021.TW,3021,鴻名,上市,Technology,Electronics
3022.TW,3022,威強電,上市,Technology,Electronics
3023.TW,3023,信邦,上市,Technology,Electronics
3024.TW,3024,憶聲,上市,Technology,Electronics
3025.TW,3025,星通,上市,Technology,Electronics
3026.TW,3026,禾伸堂,上市,Technology,Electronics
3027.TW,3027,盛達,上市,Technology,Electronics
3028.TW,3028,增你強,上市,Technology,Electronics
3029.TW,3029,零壹,上市,Technology,Electronics
3030.TW,3030,德律,上市,Technology,Electronics
3031.TW,3031,佰鴻,上市,Technology,Electronics
3032.TW,3032,偉訓,上市,Technology,Electronics
3033.TW,3033,威健,上市,Technology,Electronics
3034.TW,3034,聯詠,上市,Technology,Electronics
3035.TW,3035,智原,上市,Technology,Electronics
3036.TW,3036,文曄,上市,Technology,Electronics
3037.TW,3037,欣興,上市,Technology,Electronics
3038.TW,3038,全台,上市,Technology,Electronics
3040.TW,3040,遠見,上市,Technology,Electronics
3041.TW,3041,揚智,上市,Technology,Electronics
3042.TW,3042,晶技,上市,Technology,Electronics
3043.TW,3043,科風,上市,Technology,Electronics
3044.TW,3044,健鼎,上市,Technology,Electronics
3045.TW,3045,台灣大,上市,Technology,Electronics
3046.TW,3046,建榮,上市,Technology,Electronics
3047.TW,3047,訊舟,上市,Technology,Electronics
3048.TW,3048,益登,上市,Technology,Electronics
3049.TW,3049,和鑫,上市,Technology,Electronics
3050.TW,3050,鈺齊,上市,Technology,Electronics
3051.TW,3051,力特,上市,Technology,Electronics
3052.TW,3052,夆典,上市,Technology,Electronics
3053.TW,3053,健策,上市,Technology,Electronics
3054.TW,3054,立萬利,上市,Technology,Electronics
3055.TW,3055,蔚華科,上市,Technology,Electronics
3056.TW,3056,總太,上市,Technology,Electronics
3057.TW,3057,喬鼎,上市,Technology,Electronics
3058.TW,3058,立德,上市,Technology,Electronics
3059.TW,3059,華晶科,上市,Technology,Electronics
3060.TW,3060,銘異,上市,Technology,Electronics
3061.TW,3061,璨圓,上市,Technology,Electronics
3062.TW,3062,建漢,上市,Technology,Electronics
3189.TW,3189,景碩,上市,Others,Others
3209.TW,3209,全科,上市,Others,Others
3229.TW,3229,晟鈦,上市,Others,Others
3231.TW,3231,緯創,上市,Others,Others
3266.TW,3266,昇陽,上市,Others,Others
3296.TW,3296,勝德,上市,Others,Others
3308.TW,3308,聯德,上市,Others,Others
3311.TW,3311,閎暉,上市,Others,Others
3312.TW,3312,弘憶股,上市,Others,Others
3376.TW,3376,新日興,上市,Others,Others
3380.TW,3380,明泰,上市,Others,Others
3383.TW,3383,新世紀,上市,Others,Others
3406.TW,3406,玉晶光,上市,Others,Others
3413.TW,3413,京鼎,上市,Others,Others
3416.TW,3416,融程電,上市,Others,Others
3419.TW,3419,譁裕,上市,Others,Others
3443.TW,3443,創意,上市,Others,Others
3481.TW,3481,群創,上市,Others,Others
3501.TW,3501,維熹,上市,Others,Others
3504.TW,3504,揚明光,上市,Others,Others
3515.TW,3515,華擎,上市,Others,Others
3518.TW,3518,柏騰,上市,Others,Others
3528.TW,3528,安馳,上市,Others,Others
3529.TW,3529,力旺,上市,Others,Others
3530.TW,3530,晶相光,上市,Others,Others
3533.TW,3533,嘉澤,上市,Others,Others
3545.TW,3545,敦泰,上市,Others,Others
3550.TW,3550,聯穎,上市,Others,Others
3557.TW,3557,嘉威,上市,Others,Others
3558.TW,3558,神準,上市,Others,Others
3561.TW,3561,昇陽科,上市,Others,Others
3576.TW,3576,聯合再生,上市,Others,Others
3579.TW,3579,尚志,上市,Others,Others
3583.TW,3583,辛耘,上市,Others,Others
3588.TW,3588,通嘉,上市,Others,Others
3592.TW,3592,瑞鼎,上市,Others,Others
3593.TW,3593,力銘,上市,Others,Others
3596.TW,3596,智易,上市,Others,Others
3605.TW,3605,宏致,上市,Others,Others
3607.TW,3607,谷崧,上市,Others,Others
3617.TW,3617,碩天,上市,Others,Others
3622.TW,3622,洋華,上市,Others,Others
3645.TW,3645,達邁,上市,Others,Others
3653.TW,3653,健策,上市,Others,Others
3661.TW,3661,世芯,上市,Others,Others
3665.TW,3665,貿聯,上市,Others,Others
3669.TW,3669,圓展,上市,Others,Others
3679.TW,3679,新至陞,上市,Others,Others
3682.TW,3682,亞太電,上市,Others,Others
3694.TW,3694,海華,上市,Others,Others
3697.TW,3697,晶華,上市,Others,Others
3701.TW,3701,大眾控,上市,Others,Others
3702.TW,3702,大聯大,上市,Others,Others
3703.TW,3703,欣陸,上市,Others,Others
3704.TW,3704,合勤控,上市,Others,Others
3705.TW,3705,永信,上市,Others,Others
3706.TW,3706,神達,上市,Others,Others
3708.TW,3708,上緯投控,上市,Others,Others
3711.TW,3711,日月光投控,上市,Others,Others
4104.TW,4104,佳醫,上市,Healthcare,Others
4106.TW,4106,雃博,上市,Healthcare,Others
4119.TW,4119,旭富,上市,Healthcare,Others
4123.TW,4123,晟德,上市,Healthcare,Others
4133.TW,4133,亞諾法,上市,Healthcare,Others
4137.TW,4137,麗豐-KY,上市,Healthcare,Others
4148.TW,4148,全宇生技-KY,上市,Healthcare,Others
4155.TW,4155,訊映,上市,Healthcare,Others
4164.TW,4164,承業醫,上市,Healthcare,Others
4174.TW,4174,浩鼎,上市,Healthcare,Others
4406.TW,4406,新昕纖,上市,Consumer Goods,Others
4414.TW,4414,如興,上市,Consumer Goods,Others
4426.TW,4426,利勤,上市,Consumer Goods,Others
4432.TW,4432,銘旺實,上市,Consumer Goods,Others
4438.TW,4438,廣越,上市,Consumer Goods,Others
4904.TW,4904,遠傳,上市,Industrials,Others
4906.TW,4906,正文,上市,Industrials,Others
4958.TW,4958,臻鼎-KY,上市,Industrials,Others
4967.TW,4967,十銓,上市,Industrials,Others
4968.TW,4968,立積,上市,Industrials,Others
4989.TW,4989,榮科,上市,Industrials,Others
4994.TW,4994,傳奇,上市,Industrials,Others
5007.TW,5007,三星,上市,Telecommunications,Others
5203.TW,5203,訊連,上市,Others,Others
5215.TW,5215,科嘉-KY,上市,Others,Others
5234.TW,5234,達興材料,上市,Others,Others
5269.TW,5269,祥碩,上市,Others,Others
5283.TW,5283,禾聯碩,上市,Others,Others
5288.TW,5288,豐祥-KY,上市,Others,Others
5347.TW,5347,世界,上市,Others,Others
5353.TW,5353,台林,上市,Others,Others
5371.TW,5371,中光電,上市,Others,Others
5388.TW,5388,中磊,上市,Others,Others
5434.TW,5434,崇越,上市,Others,Others
5471.TW,5471,松翰,上市,Others,Others
5484.TW,5484,慧友,上市,Others,Others
5525.TW,5525,順天,上市,Others,Others
5531.TW,5531,鄉林,上市,Others,Others
5533.TW,5533,皇鼎,上市,Others,Others
5534.TW,5534,長虹,上市,Others,Others
5538.TW,5538,東明-KY,上市,Others,Others
5608.TW,5608,四維航,上市,Others,Others
5706.TW,5706,鳳凰,上市,Others,Others
5876.TW,5876,上海商銀,上市,Others,Others
5880.TW,5880,合庫金,上市,Others,Others
6005.TW,6005,群益證,上市,Technology,Others
6024.TW,6024,群益期,上市,Technology,Others
6108.TW,6108,競國,上市,Others,Others
6112.TW,6112,聚碩,上市,Others,Others
6116.TW,6116,彩晶,上市,Others,Others
6117.TW,6117,迎廣,上市,Others,Others
6120.TW,6120,達運,上市,Others,Others
6128.TW,6128,上福,上市,Others,Others
6131.TW,6131,悠克,上市,Others,Others
6133.TW,6133,金橋,上市,Others,Others
6138.TW,6138,茂達,上市,Others,Others
6139.TW,6139,亞翔,上市,Others,Others
6141.TW,6141,柏承,上市,Others,Others
6142.TW,6142,友勁,上市,Others,Others
6145.TW,6145,勁永,上市,Others,Others
6152.TW,6152,百一,上市,Others,Others
6153.TW,6153,嘉聯益,上市,Others,Others
6155.TW,6155,鈞寶,上市,Others,Others
6164.TW,6164,華興,上市,Others,Others
6165.TW,6165,捷泰,上市,Others,Others
6166.TW,6166,凌華,上市,Others,Others
6168.TW,6168,宏齊,上市,Others,Others
6172.TW,6172,互億,上市,Others,Others
6176.TW,6176,瑞儀,上市,Others,Others
6177.TW,6177,達麗,上市,Others,Others
6183.TW,6183,關貿,上市,Others,Others
6184.TW,6184,大豐電,上市,Others,Others
6189.TW,6189,豐藝,上市,Others,Others
6191.TW,6191,精成科,上市,Others,Others
6192.TW,6192,巨路,上市,Others,Others
6196.TW,6196,帆宣,上市,Others,Others
6197.TW,6197,佳必琪,上市,Others,Others
6201.TW,6201,元山,上市,Others,Others
6202.TW,6202,盛群,上市,Others,Others
6205.TW,6205,詮欣,上市,Others,Others
6206.TW,6206,飛捷,上市,Others,Others
6209.TW,6209,今國光,上市,Others,Others
6213.TW,6213,聯茂,上市,Others,Others
6214.TW,6214,精誠,上市,Others,Others
6215.TW,6215,和椿,上市,Others,Others
6216.TW,6216,居易,上市,Others,Others
6224.TW,6224,聚鼎,上市,Others,Others
6225.TW,6225,天瀚,上市,Others,Others
6226.TW,6226,光鼎,上市,Others,Others
6230.TW,6230,超眾,上市,Others,Others
6235.TW,6235,華孚,上市,Others,Others
6239.TW,6239,力成,上市,Others,Others
6243.TW,6243,迅杰,上市,Others,Others
6248.TW,6248,沅聖,上市,Others,Others
6251.TW,6251,定穎,上市,Others,Others
6257.TW,6257,矽格,上市,Others,Others
6269.TW,6269,台郡,上市,Others,Others
6271.TW,6271,同欣電,上市,Others,Others
6277.TW,6277,宏正,上市,Others,Others
6281.TW,6281,全國電子,上市,Others,Others
6285.TW,6285,啟碁,上市,Others,Others
6288.TW,6288,聯嘉,上市,Others,Others
6291.TW,6291,沛亨,上市,Others,Others
6456.TW,6456,GIS-KY,上市,Others,Others
6525.TW,6525,捷敏-KY,上市,Others,Others
6531.TW,6531,愛普,上市,Others,Others
6532.TW,6532,瑞耘,上市,Others,Others
6533.TW,6533,晶心科,上市,Others,Others
6541.TW,6541,泰福-KY,上市,Others,Others
6552.TW,6552,易華電,上市,Others,Others
6558.TW,6558,興能高,上市,Others,Others
6591.TW,6591,動力-KY,上市,Others,Others
6592.TW,6592,和潤企業,上市,Others,Others
6605.TW,6605,帝寶,上市,Others,Others
6715.TW,6715,嘉基,上市,Others,Others
6770.TW,6770,力積電,上市,Others,Others
6781.TW,6781,AES-KY,上市,Others,Others
6789.TW,6789,采鈺,上市,Others,Others
8011.TW,8011,台通,上市,Media,Others
8016.TW,8016,矽創,上市,Media,Others
8021.TW,8021,尖點,上市,Media,Others
8024.TW,8024,佑華,上市,Media,Others
8028.TW,8028,昇陽半導體,上市,Media,Others
8033.TW,8033,雷虎,上市,Media,Others
8035.TW,8035,東茂,上市,Media,Others
8039.TW,8039,台虹,上市,Media,Others
8046.TW,8046,南電,上市,Media,Others
8070.TW,8070,長華,上市,Media,Others
8081.TW,8081,致新,上市,Media,Others
8101.TW,8101,華冠,上市,Others,Others
8103.TW,8103,瀚荃,上市,Others,Others
8105.TW,8105,凌巨,上市,Others,Others
8110.TW,8110,華東,上市,Others,Others
8112.TW,8112,至上,上市,Others,Others
8114.TW,8114,振樺電,上市,Others,Others
8131.TW,8131,福懋科,上市,Others,Others
8201.TW,8201,無敵,上市,Others,Others
8213.TW,8213,志超,上市,Others,Others
8249.TW,8249,菱光,上市,Others,Others
8261.TW,8261,富鼎,上市,Others,Others
8271.TW,8271,宇瞻,上市,Others,Others
8358.TW,8358,金居,上市,Others,Others
8454.TW,8454,富邦媒,上市,Others,Others
8464.TW,8464,億豐,上市,Others,Others
8926.TW,8926,台汽電,上市,Others,Others
8940.TW,8940,新天地,上市,Others,Others
9910.TW,9910,豐泰,上市,Utilities,Others
9911.TW,9911,櫻花,上市,Utilities,Others
9914.TW,9914,美利達,上市,Utilities,Others
9917.TW,9917,中保科,上市,Utilities,Others
9918.TW,9918,欣天然,上市,Utilities,Others
9919.TW,9919,康那香,上市,Utilities,Others
9921.TW,9921,巨大,上市,Utilities,Others
9924.TW,9924,福興,上市,Utilities,Others
9925.TW,9925,新保,上市,Utilities,Others
9926.TW,9926,新海,上市,Utilities,Others
9927.TW,9927,泰銘,上市,Utilities,Others
9928.TW,9928,中視,上市,Utilities,Others
9929.TW,9929,秋雨,上市,Utilities,Others
9930.TW,9930,中聯資源,上市,Utilities,Others
9931.TW,9931,欣高,上市,Utilities,Others
9933.TW,9933,中鼎,上市,Utilities,Others
9934.TW,9934,成霖,上市,Utilities,Others
9935.TW,9935,慶豐富,上市,Utilities,Others
9937.TW,9937,全國,上市,Utilities,Others
9938.TW,9938,百和,上市,Utilities,Others
9939.TW,9939,宏全,上市,Utilities,Others
9940.TW,9940,信義,上市,Utilities,Others
9941.TW,9941,裕融,上市,Utilities,Others
9942.TW,9942,茂順,上市,Utilities,Others
9943.TW,9943,好樂迪,上市,Utilities,Others
9944.TW,9944,新麗,上市,Utilities,Others
9945.TW,9945,潤泰新,上市,Utilities,Others
9946.TW,9946,三發地產,上市,Utilities,Others
9955.TW,9955,佳龍,上市,Utilities,Others
9958.TW,9958,世紀鋼,上市,Utilities,Others
9962.TW,9962,有益鋼,上市,Utilities,Others
